<?xml version="1.0"?>
<!DOCTYPE hibernate-mapping PUBLIC "-//Hibernate/Hibernate Mapping DTD 3.0//EN"
"http://www.hibernate.org/dtd/hibernate-mapping-3.0.dtd">
<!-- Generated 25-Oct-2018 16:55:57 by Hibernate Tools 4.3.1 -->
<hibernate-mapping>
    <class name="pojos.Klinik" table="klinik" catalog="rsku" optimistic-lock="version">
        <id name="idKlinik" type="string">
            <column name="idKlinik" length="20" />
            <generator class="assigned" />
        </id>
        <property name="nama" type="string">
            <column name="nama" length="50" />
        </property>
        <property name="spesialis" type="string">
            <column name="spesialis" length="50" />
        </property>
    </class>
</hibernate-mapping>
