<?xml version="1.0"?>
<!DOCTYPE hibernate-mapping PUBLIC "-//Hibernate/Hibernate Mapping DTD 3.0//EN"
"http://www.hibernate.org/dtd/hibernate-mapping-3.0.dtd">
<!-- Generated 25-Oct-2018 16:55:57 by Hibernate Tools 4.3.1 -->
<hibernate-mapping>
    <class name="pojos.Pasien" table="pasien" catalog="rsku" optimistic-lock="version">
        <id name="noRm" type="string">
            <column name="noRm" length="20" />
            <generator class="assigned" />
        </id>
        <property name="nama" type="string">
            <column name="nama" length="25" />
        </property>
        <property name="alamat" type="string">
            <column name="alamat" length="65535" />
        </property>
        <property name="nik" type="string">
            <column name="nik" length="25" />
        </property>
        <property name="tanggalLahir" type="date">
            <column name="tanggalLahir" length="10" />
        </property>
        <property name="kelamin" type="string">
            <column name="kelamin" length="10" />
        </property>
    </class>
</hibernate-mapping>
