<?xml version="1.0"?>
<!DOCTYPE hibernate-mapping PUBLIC "-//Hibernate/Hibernate Mapping DTD 3.0//EN"
"http://www.hibernate.org/dtd/hibernate-mapping-3.0.dtd">
<!-- Generated 25-Oct-2018 16:55:57 by Hibernate Tools 4.3.1 -->
<hibernate-mapping>
    <class name="pojos.User" table="user" catalog="rsku" optimistic-lock="version">
        <id name="email" type="string">
            <column name="email" length="20" />
            <generator class="assigned" />
        </id>
        <property name="password" type="string">
            <column name="password" length="20" />
        </property>
    </class>
</hibernate-mapping>
